scode	count	name-address	lat	long
27101	1776	काठमाण्डौ मोडेल मा.वि., वागवजार	27.7067463495	85.3188922809
27007	1700	ट्रिनीटी इन्टरनेशनल मा.वि., डिल्लीबजार	27.7038931952	85.3251961353
27045	1278	साउथ वेस्टर्न स्टेट मा.वि., बसुन्धारा	27.7396600173	85.3254532539
27127	1210	क्यापिटल मा.वि., कोटेश्वर	27.673541693	85.3449013829
27011	1166	विश्व निकेतन मा.वि., त्रिपुरेश्वर	27.692876075	85.3121381404
27207	1143	हेराल्ड मा.वि, बसुन्धरा, काठमाडौं	27.7430087863	85.3291130386
27050	1139	जेभियर्स इन्टरनेशनल मा.वि., कालोपुल	27.7169584063	85.349928419
27003	1000	नेशनल स्कूल अफ साइन्सेस मा.वि., लैनचौर	27.7182081667	85.3140858448
27133	985	ग्लोबल कलेज अफ मेनेजमेन्ट, वासुकीमार्ग, बानेश्वर	27.7002723554	85.340379903
27029	982	गोल्डेनगेट इन्टरनेशनल मा.वि., वत्तीसपुतली	27.7037779185	85.340381525
27051	959	युनिग्लोब मा.वि, कमलादी	27.7079287488	85.3206852232
27172	958	लिभरपुल आ.मा.वि., नयाँबानेश्वर	27.6832523099	85.3362755709
27057	950	नोवेल एकाडेमी मा.वि., नयाँबानेश्वर	27.6913592848	85.3318487462
27156	925	रिलायन्स इन्टरनेशनल एकेडेमी,कपन	27.7301931324	85.3543502402
27435	920	प्रोग्रेसिभ इङ्गलिस मा वि, महांकाल	27.7226308489	85.3546439918
27063	809	हिमालयन ह्वाइट हाउस इन्टरनेशनल मा.वि., नयाँबानेश्वर	27.6842548831	85.3474283227
27077	804	टेक्सास इ मा.वि, मित्रपार्क,	27.7127080965	85.3411835286
27113	797	काठमाडौ वर्नहार्ट मा.वि., बल्खु	27.7021743074	85.2833025109
27040	789	ग्रामीण आदर्श बहुमुखी क्याम्पस, नेपालटार	27.7422779423	85.3030774039
27017	736	विनायक सुधा निकेतन मा.वि., मीनभवन	27.6858822433	85.343107523
27119	657	प्रिमियर मा.वि., नयाँबानेश्वर	27.6871652832	85.3369893846
27319	642	ज्ञानोदय मा.वि., पुरानो कालिमाटी, बाफल	27.6993151813	85.2844782956
27439	615	ग्लोबल स्कुल, मध्यबानेश्वर	27.6998847955	85.3395718268
27478	593	मनासलु व्लर्ड स्कुल, चुच्चेपाटी, काठमाडौं	27.7189231503	85.3504369594
27022	559	पशुपति बहुमुखी क्याम्पस, चावहिल	27.7136039394	85.3447141827
27042	550	नेपाल काण्ठमण्डप मा.वि., कलंकी	27.6982576253	85.2807963512
27152	547	काठमाडौं स्कुल अफ सेन्ट्रल स्टेट, सोल्टिमोड,कालिमाटी	27.6969156057	85.2952067175
27036	518	सेन्ट लरेन्स मा.वि, चावहिल	27.7148226374	85.3473946251
27246	509	सेन्ट जेभियर्स कलेज माइतीघर	27.6934917727	85.3211183674
27519	508	नामी इन्टरनेश्नल मा.वि., गोकर्णेश्वर, जोरपाटी	27.7205271118	85.3843563247
27104	503	द टाइम्स मा.वि., डिल्लीबजार	27.7089050979	85.3264066917
27056	493	एनसीसीएस मा.वि., पकनाजोल	27.7149104332	85.3090078962
27117	480	नेपाल मेघा क्याम्पस, बबरमहल	27.6917366759	85.3279607809
27200	476	जनकल्याण मा.वि, बौद्ध,	27.7262670076	85.3580879028
27163	460	मनकामना मा.वि.,जोरपाटी	27.7220316175	85.3870971558
27142	457	कुमारी आवासीय मा.वि., बौद्ध	27.7225045031	85.3587102232
27205	440	चामुण्डा मा.वि. जोरपाटी	27.7226396598	85.3797976404
27031	429	नेपाल राष्ट्रिय मा.वि., मनमैजु	27.7429861159	85.306885241
27265	393	मोरगन इन्टरनेशनल स्कूल, बसुन्धरा	27.7567999395	85.3346555692
27138	386	शहीद स्मारक कलेज, नयाँवजार, कीर्तिपुर	27.678026744	85.2812728117
27230	383	गान्धी आदर्श मा.वि. मनहराग्राम	27.6967497523	85.3698455316
27107	382	गीतामाता मा.वि., विजेश्वरी	27.7103704415	85.2966023232
27298	379	ऋत एकेडेमी मा.वि.,बसन्तनगर	27.7376304916	85.3268417116
27260	371	स्वाती सदन इ.बो.मा.वि., बालाजु	27.7366977776	85.3042339349
27118	363	ट्रिटन इन्टरनेशनल मा.वि.,सुविधानगर, तीनकुने	27.6828280263	85.3440388862
27058	357	एभरेष्ट मा.वि., सोल्टीमोड	27.7018948588	85.2914367827
27408	336	समृद्घि स्कुल, बालाजु	27.7243394388	85.2996766386
27086	328	मनमोहन मेमोरियल मा.वि., नयाँबजार	27.7186044477	85.3090255521
27124	325	क्यान्भास मा.वि., बसुन्धरा	27.7264134269	85.3163034804
27179	324	कोटेश्वर बहुमुखी क्याम्पस, कोटेश्वर	27.6760693002	85.3548051404
27204	324	लुम्बिनी एकेडेमी मा.वि. चुच्चेपाटी	27.7199301215	85.3498604232
27106	318	रेडन मा.वि., सामाखुसी	27.7280756123	85.3141633404
27076	310	नासा नेशनल मा.वि., तिनकुने, काठमाडौं	27.6880283818	85.3504648962
27299	306	द इन्साइट भिजन मा.वि, धुम्बाराही	27.7262254367	85.3432209962
27064	288	हिमालय इङ्गलिस बोर्डिङ मा.वि., कोटेश्वर	27.6801460511	85.3469211975
27219	279	तक्षशिला एकेडेमी, सामाखुसी	27.7356496106	85.3219993809
27027	275	पेन्टागन इन्टरनेशनल मा.वि., तीनकुने	27.6870835699	85.3485054182
27075	274	सिग्मा मा.वि., सोह्रखुट्टे	27.7185782667	85.3080246907
27188	273	रत्न राज्य मा.वि., बानेश्वर	27.6958541703	85.3374281962
27201	271	गणेश मा.वि. गणेशचोक	27.7609986912	85.351999752
27486	270	त्रिकोण पब्लिक स्कुल,गोकर्णेश्वर, नारायणटार, काठमाडौं	27.7205791961	85.3792070799
27095	269	एडमार्क एकाडेमी मा.वि., कलंकी	27.6948178445	85.2823760577
27049	262	एम्बिसन एकेडेमी मा.वि., नयाँबानेश्वर	27.6951066148	85.33638301
27140	260	ओरियण्ट स्कूल अफ साइन्स एण्ड मेनेजमेन्ट मा.वि.,नारायणगोपालचोक	27.7409350689	85.3305027631
27174	260	पद्मोदय मा.वि., रामशाहपथ	27.7016414601	85.3216085809
27164	259	शिवपुरी मा.वि., महाराजगञ्ज	27.7308777903	85.3300599484
27020	256	काठमाडौं ईन्ष्टिच्यूट अफ साइन्स एण्ड टेक्नोलोजी मा.वि., कमलपोखरी	27.7118041226	85.3252020714
27072	256	वानेश्वर क्याम्पस, बानेश्वर	27.6890776205	85.3476766174
27151	242	विष्णुमती आ.मा.वि., गोंगबुँ	27.736558765	85.3084589836
27268	241	समता शि. निकेतन जोरपाटी	27.7195914434	85.3605419041
27060	240	लिंकन मा.वि., गोंगबुँ	27.735087178	85.3177988745
27125	239	लेबोरेटोरी आ. मा.वि., किर्तिपुर	27.6773732534	85.2946577218
27257	238	ग्लासियर इन्टरनेशनल मा.वि., शान्तिनगर	27.6877320575	85.3429448113
27099	237	एस मा.वि., बानेश्वर	27.6952851309	85.3501741066
27479	234	लिम्पिया नेशनल स्कुल, गोकर्णेश्वर, काठमाडौं	27.7169751339	85.3722650521
27190	231	वुढानिलकण्ठ मा.वि., नारायणस्थान	27.782309326	85.3579441092
27425	231	कोटेश्वर सरस्वति मा.वि., कोटेश्वर	27.6805432932	85.3412325539
27187	225	ग्रामर मा.वि., कोटेश्वर	27.6788321898	85.3417445417
27144	224	नेपालय एजुकेशन फाउण्डेसन मा.वि, कंलकी	27.6953173978	85.2857957482
27366	223	भेनस पब्लिक स्कुल जोरपाटी	27.729757496	85.3789260404
27412	222	अभिषेक ज्ञान मन्दिर, सिनामंगल	27.6977929656	85.3537996558
27245	220	बाल उद्वार मा.वि., कपन	27.7311515128	85.3559086624
27115	219	नवोदित विद्याकुञ्ज मा.वि., म्हैपी	27.7254032051	85.3127028116
27013	212	वृहस्पती विद्या सदन मा.वि., कमलपोखरी	27.7146325985	85.3317342781
27137	209	मदन भण्डारी स्मृति मा.वि., नयाँबानेश्वर	27.6988990962	85.3297100159
27148	206	मङ्गल मा.वि., कीर्तिपुर	27.6781761004	85.2796471134
27291	202	साइपल एकेडेमी मा.वि, सुकेधारा	27.7237886742	85.3389234669
27282	200	काठमाडौं युनिफाइड मा.वि, सरस्वतीनगर	27.7265964288	85.350594597
27074	196	पासाङ्ग ल्हामु सेर्पा मेमोरियल मा.वि., गोङ्गबु	27.7348804812	85.3155153447
27061	193	कान्जिरोवा मा.वि.,कोटेश्वर,काठमाडौं	27.6738190176	85.3434160386
27192	191	पदम कन्या विद्याश्रम मा..वि., डिल्लीवजार	27.7054447505	85.3262248827
27243	191	शान्ति विद्या गृह मा.वि., लैनचौर	27.7181356134	85.3136743692
27236	189	ब्रुकलिन एकेडेमी मा.वि. सुकेधारा	27.7264520979	85.347091636
27067	188	लर्निङ रेलम इन्टरनेशनल एल.आ.आई मा.वि., कलंकीस्थान	27.6929353739	85.2745699827
27025	187	वागमती बोर्डिङ मा.वि., सुकेधारा	27.7279012164	85.34645182
27349	187	कस्मिक ईन्टरनेश्नल एकेडेमी	27.6751317145	85.3453532809
27251	183	कामना इन्टरनेशनल मा.वि., ढुङ्गेधारा	27.722818616	85.2881795097
27039	180	कन्या मन्दिर मा.वि., न्ह्योखा	27.7106748142	85.3083601631
27043	177	जनमैत्री बहुमुखी क्याम्पस, कुलेश्वर	27.6919839749	85.2923304827
27305	175	ग्रिनफिल्ड नेशनल मा.वि,सितापाइला बाफल	27.704924728	85.2835018404
27090	170	न्यू मिलेनियम एकाडेमी मा.वि., सुकेधारा	27.7290385369	85.3455407289
27433	170	महर्षी मा.वि, सामाखुसी	27.7304306005	85.3123556174
27238	169	पुष्पलाल मेमोरियल मा.वि. कपन	27.7181102459	85.3454140981
27080	166	क्यापिटल हिल एकेडेमी मा.वि., टेकु	27.6964807181	85.3031530009
27195	166	प्रज्वल जुविल्याण्ट) मा.वि. कालिमाटी	27.7029632564	85.3032842607
27147	165	तिलिङ्गटार मा.वि, धापासी	27.7464988036	85.3305101367
27034	164	जेभियर्स एकाडेमी मा.वि., लाजिम्पाट	27.7209708684	85.3217150599
27253	159	एभरेष्ट फ्लोरिडा मा.वि, शान्तीनगर,काठमाडौं	27.6943986722	85.3362495674
27322	158	रिड मोडल मा.वि., इचङ्गु	27.7222096879	85.2842836212
27023	157	पिपल्स क्याम्पस, पकनाजोल	27.714514948	85.3086689692
27427	154	संस्कृत मा वि, रानीपोखरी	27.7081160485	85.3142291134
27226	152	बृजवाटर इन्टरनेशनल कलेज, सिनामंगल, काठमाडौं	27.6965874053	85.352207231
27321	149	वीट्स एकेडेमी, भुवालडाँडा	27.7266237179	85.3720796269
27391	147	एकता जेम्स इ. एकेडेमी	27.717161538	85.3708577508
27087	145	व्रिटिस गोर्खा एकाडेमी मा.वि., महाराजगञ्ज	27.7462567256	85.3402661116
27044	143	कलेज अफ विजनेश मेनेजमेन्ट मा.वि., गुर्जुमार्ग, डिल्लीवजार	27.706023652	85.3267227367
27065	141	अरुणिमा मा.वि., बौद्ध	27.7175713392	85.3590764064
27445	139	बौद्ध इन्टरनरेशनल मा.वि. गोकर्णेश्वर	27.7358044474	85.3815148317
27084	137	सिद्धार्थ एकाडेमी मा.वि., वाफल	27.7048747574	85.3179867521
27244	137	मनोहर मा.वि. गोङ्गबु, महादेवटार	27.7376457037	85.3191990367
27297	137	भगवती मा.वि,पुखुलाड्छी,इपाटोल, साँखु	27.729986854	85.4606547619
27135	134	रिचमण्ड एकेडेमी मा.वि., कलंकी	27.6914301265	85.2837653943
27344	134	जोसेफ इङ्गलिस स्कुल	27.7271484259	85.3582232602
27108	132	सान इन्टरनेशनल मा.वि., गैरीधारा	27.7206286611	85.3279397542
27197	130	जनसेवा मा.वि. कीर्तिपुर	27.6681543019	85.2750561492
27008	129	सहयोगी मा.वि., गोकर्ण	27.7399016345	85.3874417985
27150	128	लोयला मा.वि., पुरानोबानेश्वर	27.6913104762	85.3509680404
27271	126	एञ्जल हार्ट मा.वि., तारकेश्वर, मनमैजु	27.743466479	85.3126463262
27083	125	कोलम्वस मा.वि., शंखमूलमार्ग, नयाँबानेश्वर	27.686566519	85.3303860604
27079	124	आशीर्वाद मा.वि., सामाखुसी	27.7260172919	85.3135375846
27136	118	एभरेष्ट कलेज, थापाथली	27.6927185053	85.3176549821
27503	118	पाठशाला नेपाल,नयाँ वानेश्वर, काठमाडौं	27.6947419679	85.3333060071
27097	116	ब्रिलियन्ट एजुकेशनल मा.वि., चावहिल	27.7143419283	85.3413761324
27441	115	ब्राइट फ्युचर सेकेन्डरी स्कूल, नैकाप, काठमाडौं	27.6876360638	85.2665979729
27180	113	आदिम मा. वि., चावहिल	27.7188908379	85.3517883315
27241	113	टंगाल मा.वि, भीमभवन, टंगाल	27.7163847218	85.3319261116
27339	113	पशुपति मित्र मा.वि ,चावहिल	27.7166222279	85.3460180058
27092	111	परोपकार आदर्श मा.वि., भिमसेनस्थान	27.7017521973	85.3034417067
27307	111	ग्रामशिक्षा मन्दिर मा.वि,कपन	27.7420911615	85.3637216055
27146	110	सरस्वती मा.वि., टोखा	27.7666332254	85.3314147674
27168	110	गीताञ्जली ई. मा.वि., सोह्रखुट्टे	27.7223149098	85.3028932421
27242	110	मानसिंह धर्म मा.वि. मनमैजु,	27.7455403884	85.3114530327
27209	109	अक्सफोर्ड वोर्डिङ्ग मा.वि. नयाँवजार	27.7202853309	85.3015112097
27038	108	भानुभक्त मेमोरियल मा.वि., पानीपोखरी	27.7268257407	85.3247573464
27185	108	क्याम्ब्रिज इन्टरनेशनल वोडिङ्ग मा.वि., कलंकी	27.6945061089	85.2806589712
27235	108	रोयल्टी.मा.वि., गोकर्णेश्वर	27.7204013184	85.3629069931
27482	108	एटलान्टिक बोर्डिङ स्कुल, गोकर्णेश्वर,नारायणटार, काठमाडौं	27.7196094197	85.3818590981
27159	107	विजय स्मारक मा.वि., डिल्लीवजार	27.7051735546	85.3270023404
27247	107	महेन्द्र बौद्ध मा.वि., बौद्ध फुलवारी	27.7234938091	85.3635965404
27432	107	प्रभात मा वि, चन्द्रागिरी, महादेवस्थान, थानकोट	27.6914950294	85.226317757
27302	106	विजेश्वरी ज्ञानमन्दिर सैनिक महाविद्यालय, विजेश्वरी	27.7123813726	85.2974799267
27015	105	अरुणोदय मा वि फर्पिङ	27.622640294	85.2655439937
27335	105	आकाशदीप इङ्गलिस सेकेण्डरी स्कूल, गोकर्णेश्वर	27.7225709626	85.3858021809
27280	104	निलबाराही मा.वि,काठमाडौं, टंकेश्वर	27.700592861	85.3018698558
27392	104	रिडर्स इं मोडेल स्कुल गोकर्णेश्वर	27.7223712034	85.2841656251
27169	103	गुहेश्वरी मा.वि., सिनामंगल	27.6961259782	85.3516092492
27262	103	गणेश मान सिंह बहुमुखी क्याम्पस, स्वयम्भू	27.6928285903	85.2846303058
27340	103	जनप्रभात मा.वि ,कालिमाटी	27.6986886573	85.2940532692
27026	101	काठमाडौं शिक्षा क्याम्पस, तीनथाना	27.6862072416	85.2589280159
27284	100	फुटुङ्ग मा.वि,जयन्तीपुर	27.7640308375	85.3120967616
27052	99	द न्यू समिट मा.वि., मैतीदेवी	27.7045578544	85.3334670809
27215	99	पृथ्वी नारायण मा.वि., गोलढुङ्गा	27.7595861811	85.2895528214
27283	98	तेज विनायक मा.वि, गोठाटार	27.7140494898	85.3802704768
27010	97	चिरन–मिलन विश्वशान्ति क्याम्पस, बाँसबारी	27.7433620495	85.3459921153
27279	95	महेन्द्र राष्ट्रिय मा.वि,बालुवाटार	27.7251442057	85.3311896539
27458	95	अरुणोदय माध्यमिक विद्यालय गोकर्णेश्वर, आरुबारी, काठमाडौं	27.7311741138	85.3754286611
27130	91	मंगलोदय बहुमुखी क्याम्पस, थानकोट	27.6937597481	85.2196856103
27214	91	एभर ग्रीन इङ्गलीश मा.वि., साँखु	27.7266589025	85.4596341385
27278	91	बाँसबारी मा.वि, महाराजगञ्ज	27.7413392737	85.3449341851
27018	87	ह्वाइटफिल्ड मा.वि., क्षेत्रपाटी	27.7159469902	85.3029008738
27128	87	सिफल मा.वि., सिफल	27.7121615346	85.3410772827
27134	87	प्राइम इन्टरनेसनल मा.वि., खुसिवु, नयाँवजार	27.7211316321	85.3030702692
27393	86	स्किम्स पब्लिक स्कुल, महाराजगञ्ज	27.7411676765	85.3382349097
27374	85	रिपुमर्दिनी सैनिक सेकेण्डरी स्कुल, बाँसबारी	27.7469874132	85.3434284386
27085	83	एभरेष्ट सेकेण्डरी बोर्डिङ्ग विद्यालय, गल्कोपाखा, ठमेल	27.7202156341	85.312957752
27229	83	नेपाल राष्ट्रिय निर्माण मा.वि. मूलपानी	27.715798921	85.4008347981
27272	83	राइजिङ्ग स्टार मा.वि, वाफल	27.6989554604	85.2850565251
27317	79	नेपाल एपीएफ स्कुल, कीर्तिपुर	27.6610965474	85.2568030116
27352	78	कौशल इङ्गलिस वोर्डिङ स्कुल तारकेश्वर	27.7567268851	85.3033336827
27105	77	फ्लोरोसेन्ट मा.वि., गोंगवु	27.7456501722	85.3180989232
27033	75	भाग्योदय मा.वि., साखु	27.7276543942	85.4621226674
27183	74	कौस्तुभ एकेडेमी मा.वि.पेप्सीकोला, काठमाडौं	27.688893459	85.3588771809
27413	74	शिक्षान्तर मा.वि., सिनामंगल	27.6980809038	85.353948463
27155	73	फर्पिङ मावि फर्पिङ	27.6101103892	85.2617855539
27362	73	कुलेश्वर आवाश मा.वि कुलेश्वर	27.6909039223	85.2928593007
27518	73	सुप्रिम मा.वि, रानीबन	27.7348691461	85.3209885471
27276	71	सृजना आर्ट मा.वि, लाजिम्पाट	27.7184137127	85.3213906116
27324	71	हार्टल्याण्ड एकेडेमी, बाफल	27.7021080612	85.2858060864
27006	70	होली भिजन मा.वि., ताहाचल	27.7019961486	85.2941836097
27186	70	कालीदेवी मा.वि., काभ्रेस्थली	27.789311678	85.3116698673
27182	69	सान्त्वना मेमोरियल एकेडेमी मा.वि., शान्तिनगर	27.6852605885	85.3400803809
27184	69	प्रेसीयस नेशनल एकेडेमी मा.वि., बालाजु	27.7240104165	85.3084710981
27311	69	सीतापाइला मा.वि,सीतापाइला	27.7097384831	85.2807726386
27028	68	सिद्धार्थ बनस्थली साइन्स क्याम्पस, बालाजु	27.725323186	85.2979851763
27066	68	सीताराम मा.वि., रामकोट	27.7185054478	85.2571198386
27216	68	शितला मा.वि. बालाजु हाइट	27.7370595927	85.2949225827
27325	68	विद्या संस्कार मा.वि., नयाँबानेश्वर, काठमाडौं	27.6948637507	85.3355953497
27024	67	युनिभर्सल मा.वि., मैतिदेवी	27.7045065705	85.3322647249
27041	67	आदर्श मा.वि., भद्रवास	27.7393216521	85.4183416213
27068	67	नवज्योति इङलिस मा.वि., कोटेश्वर	27.6825608916	85.3483339539
27250	67	सेन्टेनियल मा.वि. जोरपाटी	27.7212947111	85.3716623864
27091	66	एक्टीभ एकाडेमी मा.वि., बसुन्धरा	27.7419856196	85.329718379
27267	65	इष्टपोल मा.वि., जोरपाटी	27.7237977567	85.3774455496
27338	65	मंगलोदय मा.वि , थानकोट	27.693620462	85.2197347959
27094	64	सगरमाथा मल्टिपल कलेज, डिल्लीवजार	27.7036975763	85.3293541221
27225	64	ग्रीनबीच एकेडेमी पेप्सीकोला	27.7020902277	85.3780869203
27357	64	पुष्पसदन वोर्डिङ स्कुल कीर्तिपुर	27.6748229978	85.2739662539
27436	64	कान्ति भैरव मा वि, कागेश्वरी मनोहरा, थली	27.7275802975	85.4039182367
27329	63	रिभेरा इन्टरनेशलन एकेडेमी, मैजुवहाल, चावहिल	27.718527636	85.3535878597
27336	63	लालिगुराँस बाटिका स्कुल, नरेफाँट	27.6687770235	85.3497914386
27418	63	आशा मन्दिर ई.वो. स्कुल	27.693175111	85.3464917602
27199	62	आइ.एस.टी. मा.वि. ज्ञानेश्वर	27.709896344	85.3324032944
27342	62	मनमैजु मा.वि., मनमैजु	27.7522647896	85.3120610995
27364	61	काठमाडौं नेशनल स्कुल पुरानोबानेश्वर	27.699909065	85.3414385097
27208	59	मनासलु पब्लिक मा.वि., नयाँवजार	27.720954617	85.3075179521
27021	58	अन्नपूर्ण मा.वि., ज्याठा	27.7095998038	85.3133114213
27165	58	रेन्वो इन्टरनेशनल वोडिङ्ग मा.वि., डल्लु, छाउनी	27.7199229833	85.2859806597
27455	58	श्री बेलमोन्ट इन्टरनेशनल मा.वि. सामाखुसी	27.7317456375	85.3170185267
27032	56	ज्ञानकुञ्ज आवासीय मा.वि., रविभवन	27.6932818721	85.2904133232
27426	56	हिम रस्मी मा वि, तारकेश्वर, मनमैजु	27.7509958464	85.3070278521
27504	56	एसिया प्यासिफिक स्कुल, टोखा, धापासी	27.7550049598	85.3289678746
27178	55	कैलाशकुट बहुमुखी क्याम्पस, मित्रपार्क	27.7109699353	85.3437755386
27447	55	श्री जनपथ मा.वि. कलंकी	27.6908954768	85.2801120692
27143	54	कान्तिपुर क्याम्पस, थली	27.7260533487	85.3994091615
27394	52	इलिक्सर एकेडेमी, चावहिल	27.7143723601	85.3538345999
27474	52	चिल्ड्रेन हेराल्ड एकेडेमी, मनमैजु	27.748462796	85.3019179481
27037	51	बूढानिलकण्ठ मा.वि., नारायणस्थान	27.7805012917	85.3580299354
27462	51	सर्वनाम शिक्षालय, गोकर्णेश्वर, काठमाडौं	27.7197445293	85.3689088537
27239	50	सिद्धि गणेश मा.वि. गागलफेदी	27.7548888206	85.4468269636
27388	50	लोयल्टी एकेडेमी, बुढानिलकण्ठ	27.7373820681	85.3538816692
27355	48	मिनिल्याण्ड इङ्गलिस स्कुल थली	27.7265005569	85.402805413
27494	47	शिखरापुर मा वि फर्पिङ	27.6148914083	85.2681514652
27046	45	काठमाडौं भ्याली कलेज, ताहचल, छाउनी	27.7090541807	85.2973178214
27126	45	नलेज एण्ड विज्डम एकेडेमी मा.वि. बानेश्वर	27.6897794541	85.3348379982
27285	45	नितेन मेमोरियल मा.वि, नागटोल	27.7562929228	85.3272004312
27507	44	आनन्द भैरव मा वि, मुलपानी, काठमाडौं	27.708901364	85.393225596
27460	43	लालीगुराँस नेशनल एकेडेमी तारकेश्वर, मनमैजु,काठमाडौं	27.7442222796	85.3154774238
27002	42	ग्यालेक्सी पब्लिक मा.वि., ज्ञानेश्वर	27.7081770282	85.3306145557
27263	42	कलेज अफ नेशनल एकेडेमिक स्क्वायर, कोटेश्वर	27.6791496018	85.3473807711
27452	42	विनसम इङिलस बोर्डिङ मा.वि.	27.7168142275	85.3818737574
27167	41	भ्याली पव्लिक मा.वि., गल्फुटार	27.7501861482	85.3526980674
27258	41	महाँकाल जनजागृत मा.वि. गोल्फूटार, महाँकाल	27.7492219491	85.3490396236
27264	41	केन्द्रीय बहिरा मा.वि., नक्साल	27.7147972294	85.3306217097
27337	41	नेपाल युवक मा.वि , पकनाजोल	27.7150081371	85.3083644809
27430	41	कंकाली मा वि, नैकाप	27.7059256635	85.2551596788
27459	41	नन्दी रात्री माध्यमिक, नक्साल, काठमाडौं	27.7138961217	85.3255630054
27487	41	ओख्रेनी मा.वि., गोकर्णेश्वर	27.7565044854	85.4224083188
27103	40	अमरआदर्श आवासीय मा.वि., बानेश्वर	27.6985103957	85.3461293194
27256	40	सौर्य इन्टरनेशनल मा.वि. गैह्रीगाउँ	27.6900408788	85.3511466674
27457	40	द सेलेब्रेसन को एड कागेश्वरी मनोहरा, काठमाडौं	27.7148651414	85.3821146016
27477	40	बलम्बु मा.वि, बलम्बु, काठमाडौं	27.6921115749	85.2463172611
27203	39	टौदह राष्ट्रिय मा.वि. टौदह	27.6512498355	85.2836810539
27296	39	भिम मा.वि वाडभञ्ज्याङ्ग	27.7047240415	85.2115810269
27345	39	जुगल इङ्गलिस मेडियम स्कुल कपन	27.7327371668	85.3562235856
27354	39	कार्डिनल इन्टरनेशनल बो स्कुल फर्पिङ	27.6199453129	85.2677678962
27449	38	श्री नन्दी मा.वि., नक्साल	27.7140959327	85.3254708097
27365	36	लिवर्टी एकेडेमी गोकर्णेश्वर	27.7354179918	85.3805882656
27476	36	जीवन तारा एकेडेमी, गोकर्णेश्वर, आरुवारी, काठमाडौं	27.731230338	85.3744541114
27016	35	नामग्याल मा.वि., गोकर्ण	27.7434651079	85.399604254
27070	35	लालिगुराँस राष्ट्रिय मा.वि, शंखमुल	27.6830062915	85.3336561404
27240	35	शारदा मा.वि. तिलगंगा	27.7019593157	85.3500561751
27351	34	गेट वे एकेडेमी स्कुल, पेप्सीकोला	27.6923699136	85.3641884599
27081	33	स्वप्नवाटीका एकेडेमी मा.वि., बुद्धनगर	27.6840600916	85.3293540981
27173	33	स्वेत सदन ई.वो. मा.वि., गोगंवु	27.7358818209	85.3173710118
27293	33	जनविकास मा.वि	27.6828592124	85.2981702972
27328	33	न्यू जेनिथ ईङ्गलिस मोडेल मा.वि., भुरुङखेल	27.7110171471	85.3030164981
27444	33	त्यौड मा.वि. , त्यौड तँलाछी	27.7092995601	85.3121729785
27171	32	ग्रामसेवा मा.वि., धर्मस्थली	27.7655274945	85.3004546706
27379	32	होली एञ्जल्स पब्लिक स्कुल गोकर्णेश्वर	27.7278449254	85.3743619809
27161	31	क्यामेलिया मा.वि., कालिमाटी	27.6955969682	85.2996340809
27303	31	बाल नमूना मा.वि, बालुवाटार	27.7264822562	85.3295489623
27312	31	सिद्धि गणेश मा.वि, पकनाजोल	27.7185662478	85.3104657097
27369	31	महान सिद्घार्थ स्कुल, चावहिल	27.7156751276	85.3570379423
27505	31	शान्ति शिक्षा मन्दिर माध्यमिक विद्यालय, थहिटी, काठमाडौं	27.7113003605	85.3100439251
27422	30	लिटिल वड इङ्गलिस सेकेण्डरी स्कुल, गोकर्णेश्वर	27.7342509881	85.3825408028
27110	29	बागमती कम्युनिटी क्याम्पस, शान्तिनगर, बानेश्वर	27.6869340695	85.3440107814
27211	29	वौडेश्वर मा.वि. झोर महाँकाल	27.7984629062	85.3274212834
27443	29	नेपाल आदर्श मा.वि, गणबहाल, काठमाडौं	27.7009004654	85.3096375116
27249	28	रोजवर्ड मा.वि., बुद्धनगर	27.6874313034	85.3251554931
27446	28	जेसिज ई. बोर्डिङ मा.वि., सतुंङगल, चन्द्रागिरी	27.6842969885	85.2523063521
27456	28	एस्फोडेल पब्लिक स्कूल, कालिकास्थान, काठमाडौं	27.7024739704	85.328257168
27499	28	बाल विकास मा वि, नागार्जुन, रानीवन, काठमाडौं	27.7406449498	85.2864116558
27233	27	विजेश्वरी मा.वि. विजेश्वरी	27.7128489037	85.2999233316
27506	27	विष्णुदेवी शिक्षा सदन मा वि, सतुंगल	27.6848886858	85.2505449825
27517	27	कुलेश्वर मा.वि., कुलेश्वर	27.6913978763	85.3019510053
27371	26	टाइमलाइन स्कुल गोकर्णेश्वर	27.7159847312	85.3722205674
27448	26	नव आदर्श मा.वि. गंगापथ बसन्तपुर	27.7036366177	85.3066340987
27461	26	विद्या विकास इङ्गलिस स्कुल, कागेश्वरी मनोहरा, काठमाडौं	27.7102267866	85.3757520721
27489	26	निक एकेडेमी, सानो भर्‍याङ, काठमाडौं	27.7255725594	85.2864096884
27210	25	गुहेश्वरी अंग्रेजी स्कूल मा.वि. बाँसवारी	27.7414612005	85.3442361099
27301	25	अमर ज्योति मा.वि ,स्युचाटार, रोका	27.7020595421	85.2725930292
27442	24	न्यूटन चिल्ड्रेन एकेडेमी, बालुवाटार, काठमाडौं	27.7259557918	85.3363369504
27490	24	नेपाल पुलिस स्कुल, सामाखुशी, काठमाडौं	27.7333053995	85.3188359132
27429	23	विद्यामन्दिर मा वि, चन्द्रागिरी, नैकाप	27.6944852867	85.2611245222
27453	23	श्री न्यू भिजन एकेडेमी फुलवारी , कोटेश्वर	27.675314285	85.3435370109
27502	23	शहीद शुक्र माध्यमिक विद्यालय, बागबजार, काठमाडौं	27.7036772878	85.3188374698
27395	22	इलेन मेमोरियल, नागार्जुन, सितापाइला	27.7200735129	85.2706185115
27516	22	रत्नराज्य मा.वि., रामकोट	27.7237609361	85.2540360515
27524	22	बालसुधार मा.वि., गोकर्णेश्वर, नयाँपाटी	27.7458211956	85.4040875077
27341	21	जुद्धोदय मा.वि ,क्षेत्रपाटी	27.7127102817	85.3102218904
27129	19	जितपुर मा.वि., जितपुर	27.7728347693	85.2788213732
27198	19	कालिका शरण मा.वि. जहरसिंह पौवा	27.7615365328	85.4953419578
27248	19	हिमालयन एकेडेमी मा.वि., कपूरधारा	27.7251378643	85.3150818754
27428	19	नेपाल संगित विद्यालय, पिंगलास्थान	27.7026947771	85.3481723133
27437	19	वाल विकास मा वि, कागेश्वरी मनोहरा	27.7517726778	85.4320202301
27525	19	नङ्युर मेमोरियल मा.वि, थानकोट	27.6807573843	85.2224584089
27160	18	राष्ट्रिय मा.वि., इन्द्रायणी	27.735916906	85.4454070201
27323	18	दिब्यज्ञान इङ्लिस बोर्डिङ स्कुल, डल्लु	27.7071775453	85.3007863395
27401	18	नेशनल आइडियल बो. स्कुल, बुढानीलकण्ठ	27.7369791612	85.3485040674
27454	18	श्री नेपालवेद विद्याश्रम संस्कृत मा.वि., गौशाला	27.7094167526	85.3451402016
27466	18	नेपाल विद्यापिठ, वानेश्वर, काठमाडौं	27.695964071	85.3351521611
27469	18	शुभयुग सेकेण्डरी स्कूल,नागार्जुन, काठमाडौं	27.7110158454	85.2775559569
27472	18	खगेन्द्र नवजीवन विशेष शिक्षा मा.वि., नारायणटार, काठमाडौं	27.7210731271	85.3814598494
27484	18	मंगलादेवी मा वि, गौशाला, काठमाडौं	27.7388920422	85.3906725593
27232	17	चापावोट मा.वि. नाङलेभारे	27.7655026977	85.5332431485
27275	17	त्रिभुवन आदर्श मावि फर्पिङ	27.6133462372	85.2645293269
27496	17	प्यारामाउन्ट एकेडेमी, टोखा	27.7482029673	85.3193395077
27231	16	शहिद रामनाथ दाहाल स्मृति मा.वि. वनस्थली	27.7217705527	85.2924153616
27330	16	अमृत बोर्डिङ स्कुल, म्हेपी	27.7263681122	85.3067162232
27468	16	द सनशाइन सेकेण्डरी बोर्डिङ स्कुल, विजेश्वरी, काठमाडौं	27.7143586173	85.294887309
27514	16	धुम्रबराह मा.वि., धुम्बाराही	27.7252863319	85.342820777
27522	16	कन्सोलेसन एकेडेमी गार्डेन इङलिस बोर्डिङ मा.वि.,	27.7223302384	85.3389729672
27333	15	बौद्ध सेकेन्डरी इङ्गलिस स्कुल, रामहिटी, बौद्ध	27.7396996209	85.3784363894
27488	15	ञिङ्मा पल्युल उर्गेन दोर्जे क्षोलिङ माध्यमिक विद्यालय, दक्षिणकाली, काठमाडौं	27.6215559551	85.2566773881
27492	15	छहारी शिक्षा सदन मा वि, गोकर्णेश्वर, काठमाडौ	27.7253046171	85.3759031286
27520	15	दक्षता इ.मा.वि., कालीमाटी	27.6990590629	85.2986206457
27286	14	द चाँद बाघ मा.वि, जलढुंगा	27.745230245	85.3431205846
27287	14	लक्ष्मी शिक्षा सदन मा.वि,टेकु भन्सार मार्ग	27.695812667	85.3040865692
27415	14	पिस पोइन्ट वोंस्कुल मध्यबानेश्वर	27.6963173685	85.3428948386
27434	14	कस्मोपोलिटन इङ्गलिस बोर्डिङ मा वि, वालुवाटार	27.7292223169	85.3367575367
27154	13	प्रोलिफ्रिक मा.वि., धुम्वाराही	27.7309805703	85.3442385222
27326	13	कुमुदिनी कुञ्ज मा.वि., भिममुक्तेश्वर	27.6960754713	85.3020803539
27475	13	कान्तिभैरव गुरुकुल विद्यालय, गोकर्णेश्वर, उत्तरबाहिनी, काठमाडौं	27.7386563144	85.3956372801
27093	12	सरस्वती आवासिय मा.वि., क्षेत्रपाटी	27.7135888349	85.3082263448
27281	12	नागार्जुन ठूला गाउँ मा.वि,जितपुरफेदी,ठूलागाँउ	27.7680207121	85.2701872107
27309	12	नागार्जुन भ्याली मा.वि,नागर्जुन मार्ग, काठमाडौं	27.7330574145	85.2876714558
27370	12	विनायक शान्ति निकेतन मा.वि, थापाथली, बबरमहल, काठमाडौं	27.6883495823	85.3250569521
27480	12	काभ्रेस्थली मा.वि., तारकेश्वर, काभ्रेस्थली	27.7688214665	85.3067225599
27495	12	सेन्ट जोसेफ बोर्डिङ स्कुल, तारकेश्वर, गोलढुङ्गा,	27.7524321751	85.3464732225
27513	12	हाम्रो सनसाइन मा.वि, महाँकाल	27.7333005396	85.3677897825
27177	11	काठमाण्डौ क्याम्पस, कालिमाटी	27.6969347647	85.2973589558
27224	11	कमल नेत्र छुनमुना मा.वि. भिमसेनगोला	27.6981446668	85.3441632692
27316	11	सेक्रेड हार्ट आवासीय मा.विद्यालय, गोलढुंगा	27.7434116353	85.2987775944
27498	11	सेचेन महाबौद्ध विद्यालय, बोद्ध, काठमाडौं	27.7238165479	85.3609676727
27500	10	ल्याण्ड मार्क एकेडेमी, तारकेश्वर, साङ्गला,	27.7826943965	85.3168989457
27511	10	दीप मा.वि., भोटेबहाल	27.6964501312	85.3102242118
27112	9	त्रिज्योति मा.वि., कपन	27.7347709082	85.3624431674
27202	9	साङ्गला वाल कुमारी मा.वि. चुनी	27.7939028137	85.3194638797
27372	8	सिर्जना ज्ञानसागर स्कुल गोलढुँगा	27.7462929187	85.2995945539
27501	8	मल्पी सिटी स्कूल, नक्साल, काठमाडौं	27.712776639	85.3299070936
27521	8	टेरेशा एकेडेमी मा.वि., गौशाला	27.705830347	85.3474796898
27194	7	न्यू अरुणोदय ईं मा.वि. डल्लु	27.7116369662	85.2988981584
27304	7	नेशनल क्रियटिभ कोएजुकेशनल मा.वि, चन्डोल	27.7282927055	85.3388764962
27403	7	सोभेनियर वो. स्कुल, टोखा	27.7463814947	85.3266121386
27438	7	गोकर्ण मा वि, गोकर्णेश्वर	27.74086289	85.4010003521
27471	6	वर्ल्ड युथ इन्टरनेशनल स्कुल, गोकर्णेश्वर, काठमाडौं	27.7375729717	85.3940497016
27485	6	संस्कार मा.वि, सामाखुसी	27.7336069007	85.3180101082
27493	6	त्रिमुर्ति सह शिक्षा मा.वि., बाँसबारी	27.7447113723	85.349671179
27497	6	संस्कृति स्कूल, ठूलो भर्‍याङ, काठमाडौं	27.718874869	85.2860315114
27450	5	सूर्योदय आवासिय मा.वि., घट्टेकुलो, डिल्लीबजार	27.7037649641	85.3304604687
27491	5	सत्य साई शिक्षा सदन,टोखा,	27.7604242679	85.3314805034
27440	4	मिनिल्याण्ड स्कुल चलखु, टेकु,	27.6977109696	85.3055977097
27512	4	महालक्ष्मी इ.मा.वि., फुटुङ	27.7607510504	85.3153242037
27515	3	बालबाटिका स्कुल, पेप्सीकोला	27.6928215342	85.3663658453
27030	1	महामञ्जुश्री मा.वि., सितापाईला	27.720200382	85.2709098731
27071	1	क्लासिक एकेडेमी मा.वि., पिंगलामार्ग	27.7024733561	85.3494364936
27098	1	जिलेट आ.मा.वि., कालिमाटी	27.6974658765	85.2973985657
27111	1	काठमाण्डौ भ्याली मा.वि., महाराजगञ्ज	27.7383759537	85.3409508732
27122	1	निक मा.वि., डिल्लीवजार, गुर्जुमार्ग	27.727049665	85.2865262592
27157	1	आदर्श इ. आइडियल मा.वि., चावहिल	27.725099559	85.3548513734
27166	1	नव जीवन आ.मा.वि., सामाखुसी	27.7408841976	85.3164792928
27176	1	राजधानि क्याम्पस, बालाजु	27.7382228309	85.3025739759
27196	1	हिमालय इन्टरनेशनल मोडेल मा.वि. नारायणटार	27.7260893422	85.3820594847
27206	1	स्कलर्स होम एकेडेमी मा.वि., सामाखुशी	27.7329634821	85.3145255674
27212	1	कामना आ.मा.वि. गोंगबु, गणेशस्थान	27.7403333269	85.3136678512
27217	1	सरस्वतीकुञ्ज मा.वि. रातोपुल, ज्ञानेश्वर	27.7053358521	85.3348926862
27223	1	इटर्नल लाइट अमरदिप) पब्लिक हाई स्कूल,	27.7228628512	85.3087085435
27227	1	सरस्वती मा.वि. जोरपाटी	27.7271600984	85.3770434827
27266	1	ज्ञाननिकेतन मा.वि., शंखमूल	27.6839949839	85.3336992846
27294	1	ओलिभर पब्लिक मा.वि, महाराजगञ्ज, काठमाडौं	27.7382401947	85.3449330976
27308	1	शिक्षा सस्कांर मा वि, काठमाडौं–९	27.6978002812	85.3427345148
27320	1	दीक्षान्त एकेडेमी, सुकेधारा	27.7262514666	85.3472160539
27347	1	आगमन एकेडेमी, बालाजु	27.7365460975	85.3027081386
27377	1	अमर इङ्गलिस सेकेण्डरी स्कुल टोखा	27.7624818523	85.3301999558
27389	1	ज्ञान मन्दिर मा. वि.	27.7320131843	85.2964522827
27411	1	देश तिलक मा.वि., सिनामंगल	27.7039397479	85.3410298232
27417	1	ल्याण्डमार्क एजुकेशनल फाउण्डेसन	27.6662183219	85.3136645183
27451	1	वेष्ट प्वाइन्ट मा.वि., थानकोट	27.6930746036	85.223083634
27463	1	अक्षरिका स्कुल, कागेश्वरी मनोहरा, काठमाडौं	27.7070610503	85.3844519862
27465	1	लाइसियम प्याराडाइज एकेडेमी, टाउनप्लानिङ, पेप्सीकोला, काठमाडौं	27.6900440786	85.3690211077
27467	1	भिमेश्वर एकेडेमी, कागेश्वरी मनोहरा, काठमाडौं	27.6951822706	85.3711104942
27473	1	सामाखुसी इङ्लिस बोर्डिङ स्कुल, सामाखुसी	27.7289294945	85.3133774844
27508	1	हाइलि क्रिएटिभ स्कुल, कागेश्वरी मनोहरा, काठमाडौं	27.7039541543	85.3806444243
27509	1	बुढानीलकण्ठ मोडेल कम्यूनिटी एकेडेमी स्कुल, काठमाडौं	27.7690559746	85.3669900223
27510	1	स्वस्तीश्री गुरुकुल माध्यमिक विद्यालय, सिलण्डोल, नागार्जुन	27.7242664475	85.2852288206